{
  "pages": [
    {
      "name": "Dashboard Analytics",
      "icon": "ri-bar-chart-line",
      "url": "/"
    },
    {
      "name": "Dashboard CRM",
      "icon": "ri-computer-line",
      "url": "/dashboard/crm/"
    },
    {
      "name": "Layout Without menu",
      "icon": "ri-layout-4-line",
      "url": "/layouts/without_menu/"
    },
    {
      "name": "Layout Fluid",
      "icon": "ri-layout-top-line",
      "url": "/layouts/fluid/"
    },
    {
      "name": "Layout Container",
      "icon": "ri-layout-top-2-line",
      "url": "/layouts/container/"
    },
    {
      "name": "Layout Blank",
      "icon": "ri-square-line",
      "url": "/layouts/blank/"
    },
    {
      "name": "Transactions",
      "icon": "ri-database-2-line",
      "url": "/transactions/list/"
    },
    {
      "name": "Email",
      "icon": "ri-mail-line",
      "url": "/app/email/"
    },
    {
      "name": "Chat",
      "icon": "ri-message-line",
      "url": "/app/chat/"
    },
    {
      "name": "Calendar",
      "icon": "ri-calendar-line",
      "url": "/app/calendar/"
    },
    {
      "name": "Kanban",
      "icon": "ri-drag-drop-line",
      "url": "/app/kanban/"
    },
    {
      "name": "eCommerce Dashboard",
      "icon": "ri-shopping-cart-2-line",
      "url": "/app/ecommerce/dashboard/"
    },
    {
      "name": "eCommerce - Product List",
      "icon": "ri-file-list-line",
      "url": "/app/ecommerce/product/list/"
    },
    {
      "name": "eCommerce - Add Product",
      "icon": "ri-add-line",
      "url": "/app/ecommerce/product/add/"
    },
    {
      "name": "eCommerce - Category List",
      "icon": "ri-list-unordered",
      "url": "/app/ecommerce/product/category/"
    },
    {
      "name": "eCommerce - Order List",
      "icon": "ri-list-unordered",
      "url": "/app/ecommerce/order/list/"
    },
    {
      "name": "eCommerce - Orders Details",
      "icon": "ri-play-list-line",
      "url": "/app/ecommerce/order/details/"
    },
    {
      "name": "eCommerce - Customers",
      "icon": "ri-user-line",
      "url": "/app/ecommerce/customer_all/"
    },
    {
      "name": "eCommerce - Customers Overview",
      "icon": "ri-list-check",
      "url": "/app/ecommerce/customer/details/overview/"
    },
    {
      "name": "eCommerce - Customers Security",
      "icon": "ri-shield-cross-line",
      "url": "/app/ecommerce/customer/details/security/"
    },
    {
      "name": "eCommerce - Customers Address and Billing",
      "icon": "ri-map-pin-5-line",
      "url": "/app/ecommerce/customer/details/billing/"
    },
    {
      "name": "eCommerce - Customers Notifications",
      "icon": "ri-notification-badge-line",
      "url": "/app/ecommerce/customer/details/notifications/"
    },
    {
      "name": "eCommerce - Manage Reviews",
      "icon": "ri-message-line",
      "url": "/app/ecommerce/manage_reviews/"
    },
    {
      "name": "eCommerce - Referrals",
      "icon": "ri-group-line",
      "url": "/app/ecommerce/referrals/"
    },
    {
      "name": "eCommerce - Settings Store Details",
      "icon": "ri-store-line",
      "url": "/app/ecommerce/settings/details/"
    },
    {
      "name": "eCommerce - Settings Store Payments",
      "icon": "ri-cash-fill",
      "url": "/app/ecommerce/settings/payments/"
    },
    {
      "name": "eCommerce - Settings Store Checkout",
      "icon": "ri-shopping-cart-2-line",
      "url": "/app/ecommerce/settings/checkout/"
    },
    {
      "name": "eCommerce - Settings Shipping & Delivery",
      "icon": "ri-truck-line",
      "url": "/app/ecommerce/settings/shipping/"
    },
    {
      "name": "eCommerce - Settings Locations",
      "icon": "ri-map-pin-add-line",
      "url": "/app/ecommerce/settings/locations/"
    },
    {
      "name": "eCommerce - Settings Notifications",
      "icon": "ri-notification-4-line",
      "url": "/app/ecommerce/settings/notifications/"
    },
    {
      "name": "Academy - Dashboard",
      "icon": "ri-book-open-line",
      "url": "/app/academy/dashboard/"
    },
    {
      "name": "Academy - My Course",
      "icon": "ri-list-unordered",
      "url": "/app/academy/course/"
    },
    {
      "name": "Academy - Course Details",
      "icon": "ri-play-circle-line",
      "url": "/app/academy/course_details/"
    },
    {
      "name": "User List",
      "icon": "ri-group-line",
      "url": "/app/user/list/"
    },
    {
      "name": "User View - Account",
      "icon": "ri-eye-line",
      "url": "/app/user/view/account/"
    },
    {
      "name": "User View - Security",
      "icon": "ri-shield-user-line",
      "url": "/app/user/view/security/"
    },
    {
      "name": "User View - Billing & Plans",
      "icon": "ri-bill-line",
      "url": "/app/user/view/billing/"
    },
    {
      "name": "User View - Notifications",
      "icon": "ri-notification-badge-line",
      "url": "/app/user/view/notifications/"
    },
    {
      "name": "User View - Connections",
      "icon": "ri-links-line",
      "url": "/app/user/view/connections/"
    },
    {
      "name": "Roles",
      "icon": "ri-shield-user-line",
      "url": "/app/access/roles/"
    },
    {
      "name": "Permission",
      "icon": "ri-shield-user-line",
      "url": "/app/access/permission/"
    },
    {
      "name": "Logistics Dashboard",
      "icon": "ri-truck-line",
      "url": "/app/logistics/dashboard/"
    },
    {
      "name": "Logistics Fleet",
      "icon": "ri-car-line",
      "url": "/app/logistics/fleet/"
    },
    {
      "name": "Invoice List",
      "icon": "ri-list-ordered-2",
      "url": "/app/invoice/list/"
    },
    {
      "name": "Invoice Preview",
      "icon": "ri-article-line",
      "url": "/app/invoice/preview/"
    },
    {
      "name": "Invoice Edit",
      "icon": "ri-file-edit-line",
      "url": "/app/invoice/edit/"
    },
    {
      "name": "Invoice Add",
      "icon": "ri-file-add-line",
      "url": "/app/invoice/add/"
    },
    {
      "name": "User Profile",
      "icon": "ri-user-settings-line",
      "url": "/pages/profile/user/"
    },
    {
      "name": "User Profile - Teams",
      "icon": "ri-team-line",
      "url": "/pages/profile/teams/"
    },
    {
      "name": "User Profile - Projects",
      "icon": "ri-account-circle-line",
      "url": "/pages/profile/projects/"
    },
    {
      "name": "User Profile - Connections",
      "icon": "ri-links-line",
      "url": "/pages/profile/connections/"
    },
    {
      "name": "Account Settings - Account",
      "icon": "ri-user-settings-line",
      "url": "/pages/account_settings/account/"
    },
    {
      "name": "Account Settings - Security",
      "icon": "ri-lock-unlock-line",
      "url": "/pages/account_settings/security/"
    },
    {
      "name": "Account Settings - Billing & Plans",
      "icon": "ri-money-dollar-circle-line",
      "url": "/pages/account_settings/billing/"
    },
    {
      "name": "Account Settings - Notifications",
      "icon": "ri-notification-3-line",
      "url": "/pages/account_settings/notifications/"
    },
    {
      "name": "Account Settings - Connections",
      "icon": "ri-link",
      "url": "/pages/account_settings/connections/"
    },
    {
      "name": "FAQ",
      "icon": "ri-question-line",
      "url": "/pages/faq/"
    },
    {
      "name": "Pricing",
      "icon": "ri-money-dollar-circle-line",
      "url": "/pages/pricing/"
    },
    {
      "name": "Error",
      "icon": "ri-error-warning-line",
      "url": "/pages/misc/error/"
    },
    {
      "name": "Under Maintenance",
      "icon": "ri-settings-2-line",
      "url": "/pages/misc/under_maintenance/"
    },
    {
      "name": "Coming Soon",
      "icon": "ri-time-line",
      "url": "/pages/misc/comingsoon/"
    },
    {
      "name": "Not Authorized",
      "icon": "ri-group-line",
      "url": "/pages/misc/not_authorized/"
    },
    {
      "name": "Server Error",
      "icon": "ri-server-fill",
      "url": "/pages/misc/server_error/"
    },
    {
      "name": "Login Basic",
      "icon": "ri-login-box-line",
      "url": "/auth/login/basic/"
    },
    {
      "name": "Login Cover",
      "icon": "ri-login-box-line",
      "url": "/auth/login/cover/"
    },
    {
      "name": "Register Basic",
      "icon": "ri-user-add-line",
      "url": "/auth/register/basic/"
    },
    {
      "name": "Register Cover",
      "icon": "ri-user-add-line",
      "url": "/auth/register/cover/"
    },
    {
      "name": "Register Multi-steps",
      "icon": "ri-user-add-line",
      "url": "/auth/register/multisteps/"
    },
    {
      "name": "Verify Email Basic",
      "icon": "ri-mail-check-line",
      "url": "/auth/verify_email/basic/"
    },
    {
      "name": "Verify Email Cover",
      "icon": "ri-mail-check-line",
      "url": "/auth/verify_email/cover/"
    },
    {
      "name": "Reset Password Basic",
      "icon": "ri-rotate-lock-line",
      "url": "/auth/reset_password/basic/"
    },
    {
      "name": "Reset Password Cover",
      "icon": "ri-rotate-lock-line",
      "url": "/auth/reset_password/cover/"
    },
    {
      "name": "Forgot Password Basic",
      "icon": "ri-lock-line",
      "url": "/auth/forgot_password/basic/"
    },
    {
      "name": "Forgot Password Cover",
      "icon": "ri-lock-line",
      "url": "/auth/forgot_password/cover/"
    },
    {
      "name": "Two Steps Verification Basic",
      "icon": "ri-macbook-line",
      "url": "/auth/two_steps/basic/"
    },
    {
      "name": "Two Steps Verification Cover",
      "icon": "ri-macbook-line",
      "url": "/auth/two_steps/cover/"
    },
    {
      "name": "Help Center Front",
      "icon": "ri-question-line",
      "url": "/front/help_center/"
    },
    {
      "name": "Landing Front",
      "icon": "ri-article-line",
      "url": "/front/landing/"
    },
    {
      "name": "Pricing Front",
      "icon": "ri-money-dollar-circle-line",
      "url": "/front/pricing/"
    },
    {
      "name": "Checkout Front",
      "icon": "ri-shopping-cart-2-line  ",
      "url": "/front/checkout/"
    },
    {
      "name": "Payment Front",
      "icon": "ri-bank-card-line",
      "url": "/front/payment/"
    },
    {
      "name": "Modal Examples",
      "icon": "ri-square-line",
      "url": "/modal_examples/"
    },
    {
      "name": "Checkout Wizard",
      "icon": "ri-shopping-cart-2-line",
      "url": "/wizard_ex/checkout/"
    },
    {
      "name": "Property Listing Wizard",
      "icon": "ri-shopping-cart-2-line",
      "url": "/wizard_ex/property_listing/"
    },
    {
      "name": "Create Deal Wizard",
      "icon": "ri-shopping-cart-2-line",
      "url": "/wizard_ex/create_deal/"
    },
    {
      "name": "Icons",
      "icon": "ri-remixicon-line",
      "url": "/icons/ri/"
    },
    {
      "name": "Basic Cards",
      "icon": "ri-square-line",
      "url": "/cards/basic/"
    },
    {
      "name": "Advance Cards",
      "icon": "ri-list-check-2",
      "url": "/cards/advance/"
    },
    {
      "name": "Statistics Cards",
      "icon": "ri-bar-chart-box-line",
      "url": "/cards/statistics/"
    },
    {
      "name": "Analytics Cards",
      "icon": "ri-line-chart-fill",
      "url": "/cards/analytics/"
    },
    {
      "name": "Gamifications Cards",
      "icon": "ri-gamepad-line",
      "url": "/cards/gamifications/"
    },
    {
      "name": "Actions Cards",
      "icon": "ri-keyboard-line",
      "url": "/cards/actions/"
    },
    {
      "name": "Accordion",
      "icon": "ri-keyboard-line",
      "url": "/ui/accordion/"
    },
    {
      "name": "Alerts",
      "icon": "ri-alert-line",
      "url": "/ui/alerts/"
    },
    {
      "name": "Badges",
      "icon": "ri-notification-4-line",
      "url": "/ui/badges/"
    },
    {
      "name": "Buttons",
      "icon": "ri-square-line",
      "url": "/ui/buttons/"
    },
    {
      "name": "Carousel",
      "icon": "ri-carousel-view",
      "url": "/ui/carousel/"
    },
    {
      "name": "Collapse",
      "icon": "ri-aspect-ratio-line",
      "url": "/ui/collapse/"
    },
    {
      "name": "Dropdowns",
      "icon": "ri-menu-line",
      "url": "/ui/dropdowns/"
    },
    {
      "name": "Footer",
      "icon": "ri-layout-bottom-line",
      "url": "/ui/footer/"
    },
    {
      "name": "List Groups",
      "icon": "ri-list-unordered",
      "url": "/ui/list_groups/"
    },
    {
      "name": "Modals",
      "icon": "ri-square-line",
      "url": "/ui/modals/"
    },
    {
      "name": "Navbar",
      "icon": "ri-layout-top-line",
      "url": "/ui/navbar/"
    },
    {
      "name": "Offcanvas",
      "icon": "ri-layout-top-2-line",
      "url": "/ui/offcanvas/"
    },
    {
      "name": "Pagination & Breadcrumbs",
      "icon": "ri-skip-right-line",
      "url": "/ui/pagination_breadcrumbs/"
    },
    {
      "name": "Progress",
      "icon": "ri-donut-chart-line",
      "url": "/ui/progress/"
    },
    {
      "name": "Spinners",
      "icon": "ri-donut-chart-line",
      "url": "/ui/spinners/"
    },
    {
      "name": "Tabs & Pills",
      "icon": "ri-window-2-line",
      "url": "/ui/tabs_pills/"
    },
    {
      "name": "Toasts",
      "icon": "ri-message-line",
      "url": "/ui/toasts/"
    },
    {
      "name": "Tooltips & Popovers",
      "icon": "ri-chat-quote-line",
      "url": "/ui/tooltips_popovers/"
    },
    {
      "name": "Typography",
      "icon": "ri-font-size",
      "url": "/ui/typography/"
    },
    {
      "name": "Avatar",
      "icon": "ri-user-smile-line",
      "url": "/extended_ui/avatar/"
    },
    {
      "name": "BlockUI",
      "icon": "ri-fullscreen-line",
      "url": "/extended_ui/blockui/"
    },
    {
      "name": "Drag & Drop",
      "icon": "ri-file-copy-line",
      "url": "/extended_ui/drag_and_drop/"
    },
    {
      "name": "Media Player",
      "icon": "ri-music-2-fill",
      "url": "/extended_ui/media_player/"
    },
    {
      "name": "Perfect Scrollbar",
      "icon": "ri-arrow-up-down-line",
      "url": "/extended_ui/perfect_scrollbar/"
    },
    {
      "name": "Star Ratings",
      "icon": "ri-star-line",
      "url": "/extended_ui/star_ratings/"
    },
    {
      "name": "SweetAlert2",
      "icon": "ri-share-circle-line",
      "url": "/extended_ui/sweetalert2/"
    },
    {
      "name": "Text Divider",
      "icon": "ri-align-vertically",
      "url": "/extended_ui/text_divider/"
    },
    {
      "name": "Timeline Basic",
      "icon": "ri-git-commit-line",
      "url": "/extended_ui/timeline_basic/"
    },
    {
      "name": "Timeline Fullscreen",
      "icon": "ri-git-commit-line",
      "url": "/extended_ui/timeline_fullscreen/"
    },
    {
      "name": "Tour",
      "icon": "ri-send-plane-2-line",
      "url": "/extended_ui/tour/"
    },
    {
      "name": "Treeview",
      "icon": "ri-git-fork-line ri-rotate-180",
      "url": "/extended_ui/treeview/"
    },
    {
      "name": "Miscellaneous",
      "icon": "ri-organization-chart",
      "url": "/extended_ui/misc/"
    },
    {
      "name": "Basic Inputs",
      "icon": "ri-pencil-line",
      "url": "/forms/basic_inputs/"
    },
    {
      "name": "Input groups",
      "icon": "ri-checkbox-line",
      "url": "/forms/input_groups/"
    },
    {
      "name": "Custom Options",
      "icon": "ri-list-check-3",
      "url": "/forms/custom_options/"
    },
    {
      "name": "Editors",
      "icon": "ri-file-edit-line",
      "url": "/forms/editors/"
    },
    {
      "name": "File Upload",
      "icon": "ri-upload-2-line",
      "url": "/forms/file_upload/"
    },
    {
      "name": "Pickers",
      "icon": "ri-calendar-todo-line",
      "url": "/forms/pickers/"
    },
    {
      "name": "Select & Tags",
      "icon": "ri-list-check",
      "url": "/forms/selects/"
    },
    {
      "name": "Sliders",
      "icon": "ri-equalizer-line",
      "url": "/forms/sliders/"
    },
    {
      "name": "Switches",
      "icon": "ri-toggle-line",
      "url": "/forms/switches/"
    },
    {
      "name": "Extras",
      "icon": "ri-add-box-line",
      "url": "/forms/extras/"
    },
    {
      "name": "Vertical Form",
      "icon": "ri-file-text-line",
      "url": "/form/layouts_vertical/"
    },
    {
      "name": "Horizontal Form",
      "icon": "ri-file-text-line",
      "url": "/form/layouts_horizontal/"
    },
    {
      "name": "Sticky Actions",
      "icon": "ri-file-text-line",
      "url": "/form/layouts_sticky/"
    },
    {
      "name": "Numbered Wizard",
      "icon": "ri-align-center",
      "url": "/form/wizard_numbered/"
    },
    {
      "name": "Icons Wizard",
      "icon": "ri-align-center",
      "url": "/form/wizard_icons/"
    },
    {
      "name": "Form Validation",
      "icon": "ri-check-line",
      "url": "/form/validation/"
    },
    {
      "name": "Tables",
      "icon": "ri-window-2-line",
      "url": "/tables/basic/"
    },
    {
      "name": "Datatable Basic",
      "icon": "ri-grid-line",
      "url": "/tables/datatables_basic/"
    },
    {
      "name": "Datatable Advanced",
      "icon": "ri-grid-line",
      "url": "/tables/datatables_advanced/"
    },
    {
      "name": "Datatable Extensions",
      "icon": "ri-grid-line",
      "url": "/tables/datatables_extensions/"
    },
    {
      "name": "Apex Charts",
      "icon": "ri-line-chart-line",
      "url": "/charts/apex/"
    },
    {
      "name": "ChartJS",
      "icon": "ri-bar-chart-grouped-fill",
      "url": "/charts/chartjs/"
    },
    {
      "name": "Leaflet Maps",
      "icon": "ri-map-2-line",
      "url": "/maps/leaflet/"
    }
  ],
  "files": [
    {
      "name": "Class Attendance",
      "subtitle": "By Tommy Shelby",
      "src": "img/icons/misc/search-xls.png",
      "meta": "17kb",
      "url": "javascript:void(0);"
    },
    {
      "name": "Passport Image",
      "subtitle": "By William Budd",
      "src": "img/icons/misc/search-jpg.png",
      "meta": "35kb",
      "url": "javascript:void(0);"
    },
    {
      "name": "Class Notes",
      "subtitle": "By Laurel Lance",
      "src": "img/icons/misc/search-doc.png",
      "meta": "153kb",
      "url": "javascript:void(0);"
    },
    {
      "name": "Receipt",
      "subtitle": "By Donnie Darko",
      "src": "img/icons/misc/search-jpg.png",
      "meta": "25kb",
      "url": "javascript:void(0);"
    },
    {
      "name": "Social Guide",
      "subtitle": "By Ryan Middleton",
      "src": "img/icons/misc/search-doc.png",
      "meta": "39kb",
      "url": "javascript:void(0);"
    },
    {
      "name": "Expenses",
      "subtitle": "By Slade Wilson",
      "src": "img/icons/misc/search-xls.png",
      "meta": "15kb",
      "url": "javascript:void(0);"
    },
    {
      "name": "Documentation",
      "subtitle": "By Walter White",
      "src": "img/icons/misc/search-doc.png",
      "meta": "200kb",
      "url": "javascript:void(0);"
    },
    {
      "name": "Avatar",
      "subtitle": "By Ross Geller",
      "src": "img/icons/misc/search-jpg.png",
      "meta": "100kb",
      "url": "javascript:void(0);"
    },
    {
      "name": "Data",
      "subtitle": "By Erik Foreman",
      "src": "img/icons/misc/search-xls.png",
      "meta": "5kb",
      "url": "javascript:void(0);"
    },
    {
      "name": "Gardening Guide",
      "subtitle": "By Jerry Seinfeld",
      "src": "img/icons/misc/search-doc.png",
      "meta": "25kb",
      "url": "javascript:void(0);"
    }
  ],
  "members": [
    {
      "name": "John Doe",
      "subtitle": "Admin",
      "src": "img/avatars/1.png",
      "url": "javascript:void(0);"
    },
    {
      "name": "Micheal Clarke",
      "subtitle": "Customer",
      "src": "img/avatars/2.png",
      "url": "javascript:void(0);"
    },
    {
      "name": "Melina Gibson",
      "subtitle": "Staff",
      "src": "img/avatars/5.png",
      "url": "javascript:void(0);"
    },
    {
      "name": "Anna Strong",
      "subtitle": "Staff",
      "src": "img/avatars/7.png",
      "url": "javascript:void(0);"
    },
    {
      "name": "Stephanie Gould",
      "subtitle": "Customer",
      "src": "img/avatars/3.png",
      "url": "javascript:void(0);"
    },
    {
      "name": "David Budd",
      "subtitle": "Admin",
      "src": "img/avatars/10.png",
      "url": "javascript:void(0);"
    },
    {
      "name": "Mark Shepiro",
      "subtitle": "Admin",
      "src": "img/avatars/12.png",
      "url": "javascript:void(0);"
    }
  ]
}